patient_id,has_xray,has_ct,clinical_row_index,has_bmd,has_tscore,has_zscore,has_diagnosis,has_clinical_features
320,False,False,319.0,True,False,False,False,False
117,False,False,116.0,True,False,False,False,False
794,False,False,793.0,True,False,False,False,False
510,False,False,509.0,True,False,False,False,False
242,False,False,241.0,True,False,False,False,False
709,False,False,708.0,True,False,False,False,False
111,False,False,110.0,True,False,False,False,False
44,False,False,43.0,True,False,False,False,False
563,False,False,562.0,True,False,False,False,False
542,False,False,541.0,True,False,False,False,False
262,False,False,261.0,True,False,False,False,False
109,False,False,108.0,True,False,False,False,False
5,False,False,4.0,True,False,False,False,False
750,False,False,749.0,True,False,False,False,False
115,False,False,114.0,True,False,False,False,False
551,False,False,550.0,True,False,False,False,False
43,False,False,42.0,True,False,False,False,False
516,False,False,515.0,True,False,False,False,False
289,False,False,288.0,True,False,False,False,False
577,False,False,576.0,True,False,False,False,False
802,False,False,801.0,True,False,False,False,False
18,False,False,17.0,True,False,False,False,False
635,False,False,634.0,True,False,False,False,False
341,False,False,340.0,True,False,False,False,False
151,False,False,150.0,True,False,False,False,False
606,False,False,605.0,True,False,False,False,False
175,False,False,174.0,True,False,False,False,False
313,False,False,312.0,True,False,False,False,False
385,False,False,384.0,True,False,False,False,False
647,False,False,646.0,True,False,False,False,False
488,False,False,487.0,True,False,False,False,False
235,False,False,234.0,True,False,False,False,False
308,False,False,307.0,True,False,False,False,False
491,False,False,490.0,True,False,False,False,False
285,False,False,284.0,True,False,False,False,False
525,False,False,524.0,True,False,False,False,False
596,False,False,595.0,True,False,False,False,False
45,False,False,44.0,True,False,False,False,False
66,False,False,65.0,True,False,False,False,False
658,False,False,657.0,True,False,False,False,False
214,False,False,213.0,True,False,False,False,False
555,False,False,554.0,True,False,False,False,False
442,False,False,441.0,True,False,False,False,False
306,False,False,305.0,True,False,False,False,False
744,False,False,743.0,True,False,False,False,False
269,False,False,268.0,True,False,False,False,False
47,False,False,46.0,True,False,False,False,False
660,False,False,659.0,True,False,False,False,False
540,False,False,539.0,True,False,False,False,False
715,False,False,714.0,True,False,False,False,False
250,False,False,249.0,True,False,False,False,False
511,False,False,510.0,True,False,False,False,False
473,False,False,472.0,True,False,False,False,False
276,False,False,275.0,True,False,False,False,False
537,False,False,536.0,True,False,False,False,False
495,False,False,494.0,True,False,False,False,False
593,False,False,592.0,True,False,False,False,False
704,False,False,703.0,True,False,False,False,False
345,False,False,344.0,True,False,False,False,False
60,False,False,59.0,True,False,False,False,False
382,False,False,381.0,True,False,False,False,False
226,False,False,225.0,True,False,False,False,False
760,False,False,759.0,True,False,False,False,False
48,False,False,47.0,True,False,False,False,False
352,False,False,351.0,True,False,False,False,False
340,False,False,339.0,True,False,False,False,False
209,False,False,208.0,True,False,False,False,False
781,False,False,780.0,True,False,False,False,False
674,False,False,673.0,True,False,False,False,False
543,False,False,542.0,True,False,False,False,False
303,False,False,302.0,True,False,False,False,False
79,False,False,78.0,True,False,False,False,False
217,False,False,216.0,True,False,False,False,False
415,False,False,414.0,True,False,False,False,False
626,False,False,625.0,True,False,False,False,False
686,False,False,685.0,True,False,False,False,False
739,False,False,738.0,True,False,False,False,False
81,False,False,80.0,True,False,False,False,False
549,False,False,548.0,True,False,False,False,False
718,False,False,717.0,True,False,False,False,False
493,False,False,492.0,True,False,False,False,False
149,False,False,148.0,True,False,False,False,False
553,False,False,552.0,True,False,False,False,False
219,False,False,218.0,True,False,False,False,False
363,False,False,362.0,True,False,False,False,False
460,False,False,459.0,True,False,False,False,False
171,False,False,170.0,True,False,False,False,False
414,False,False,413.0,True,False,False,False,False
461,False,False,460.0,True,False,False,False,False
74,False,False,73.0,True,False,False,False,False
58,False,False,57.0,True,False,False,False,False
588,False,False,587.0,True,False,False,False,False
113,False,False,112.0,True,False,False,False,False
759,False,False,758.0,True,False,False,False,False
105,False,False,104.0,True,False,False,False,False
80,False,False,79.0,True,False,False,False,False
131,False,False,130.0,True,False,False,False,False
487,False,False,486.0,True,False,False,False,False
191,False,False,190.0,True,False,False,False,False
249,False,False,248.0,True,False,False,False,False
501,False,False,500.0,True,False,False,False,False
653,False,False,652.0,True,False,False,False,False
405,False,False,404.0,True,False,False,False,False
670,False,False,669.0,True,False,False,False,False
529,False,False,528.0,True,False,False,False,False
153,False,False,152.0,True,False,False,False,False
710,False,False,709.0,True,False,False,False,False
772,False,False,771.0,True,False,False,False,False
339,False,False,338.0,True,False,False,False,False
506,False,False,505.0,True,False,False,False,False
684,False,False,683.0,True,False,False,False,False
257,False,False,256.0,True,False,False,False,False
475,False,False,474.0,True,False,False,False,False
206,False,False,205.0,True,False,False,False,False
697,False,False,696.0,True,False,False,False,False
787,False,False,786.0,True,False,False,False,False
326,False,False,325.0,True,False,False,False,False
410,False,False,409.0,True,False,False,False,False
623,False,False,622.0,True,False,False,False,False
677,False,False,676.0,True,False,False,False,False
627,False,False,626.0,True,False,False,False,False
616,False,False,615.0,True,False,False,False,False
740,False,False,739.0,True,False,False,False,False
692,False,False,691.0,True,False,False,False,False
401,False,False,400.0,True,False,False,False,False
1,False,False,0.0,True,False,False,False,False
121,False,False,120.0,True,False,False,False,False
279,False,False,278.0,True,False,False,False,False
207,False,False,206.0,True,False,False,False,False
247,False,False,246.0,True,False,False,False,False
464,False,False,463.0,True,False,False,False,False
792,False,False,791.0,True,False,False,False,False
270,False,False,269.0,True,False,False,False,False
21,False,False,20.0,True,False,False,False,False
203,False,False,202.0,True,False,False,False,False
38,False,False,37.0,True,False,False,False,False
177,False,False,176.0,True,False,False,False,False
104,False,False,103.0,True,False,False,False,False
629,False,False,628.0,True,False,False,False,False
580,False,False,579.0,True,False,False,False,False
793,False,False,792.0,True,False,False,False,False
505,False,False,504.0,True,False,False,False,False
27,False,False,26.0,True,False,False,False,False
71,False,False,70.0,True,False,False,False,False
351,False,False,350.0,True,False,False,False,False
391,False,False,390.0,True,False,False,False,False
634,False,False,633.0,True,False,False,False,False
112,False,False,111.0,True,False,False,False,False
639,False,False,638.0,True,False,False,False,False
689,False,False,688.0,True,False,False,False,False
383,False,False,382.0,True,False,False,False,False
100,False,False,99.0,True,False,False,False,False
610,False,False,609.0,True,False,False,False,False
560,False,False,559.0,True,False,False,False,False
344,False,False,343.0,True,False,False,False,False
784,False,False,783.0,True,False,False,False,False
471,False,False,470.0,True,False,False,False,False
273,False,False,272.0,True,False,False,False,False
248,False,False,247.0,True,False,False,False,False
314,False,False,313.0,True,False,False,False,False
384,False,False,383.0,True,False,False,False,False
544,False,False,543.0,True,False,False,False,False
655,False,False,654.0,True,False,False,False,False
307,False,False,306.0,True,False,False,False,False
134,False,False,133.0,True,False,False,False,False
568,False,False,567.0,True,False,False,False,False
526,False,False,525.0,True,False,False,False,False
388,False,False,387.0,True,False,False,False,False
592,False,False,591.0,True,False,False,False,False
335,False,False,334.0,True,False,False,False,False
428,False,False,427.0,True,False,False,False,False
435,False,False,434.0,True,False,False,False,False
485,False,False,484.0,True,False,False,False,False
116,False,False,115.0,True,False,False,False,False
186,False,False,185.0,True,False,False,False,False
211,False,False,210.0,True,False,False,False,False
514,False,False,513.0,True,False,False,False,False
397,False,False,396.0,True,False,False,False,False
179,False,False,178.0,True,False,False,False,False
757,False,False,756.0,True,False,False,False,False
367,False,False,366.0,True,False,False,False,False
496,False,False,495.0,True,False,False,False,False
508,False,False,507.0,True,False,False,False,False
766,False,False,765.0,True,False,False,False,False
404,False,False,403.0,True,False,False,False,False
198,False,False,197.0,True,False,False,False,False
602,False,False,601.0,True,False,False,False,False
31,False,False,30.0,True,False,False,False,False
426,False,False,425.0,True,False,False,False,False
255,False,False,254.0,True,False,False,False,False
581,False,False,580.0,True,False,False,False,False
595,False,False,594.0,True,False,False,False,False
783,False,False,782.0,True,False,False,False,False
91,False,False,90.0,True,False,False,False,False
364,False,False,363.0,True,False,False,False,False
190,False,False,189.0,True,False,False,False,False
474,False,False,473.0,True,False,False,False,False
34,False,False,33.0,True,False,False,False,False
268,False,False,267.0,True,False,False,False,False
316,False,False,315.0,True,False,False,False,False
2,False,False,1.0,True,False,False,False,False
402,False,False,401.0,True,False,False,False,False
387,False,False,386.0,True,False,False,False,False
644,False,False,643.0,True,False,False,False,False
481,False,False,480.0,True,False,False,False,False
342,False,False,341.0,True,False,False,False,False
498,False,False,497.0,True,False,False,False,False
132,False,False,131.0,True,False,False,False,False
202,False,False,201.0,True,False,False,False,False
165,False,False,164.0,True,False,False,False,False
462,False,False,461.0,True,False,False,False,False
705,False,False,704.0,True,False,False,False,False
183,False,False,182.0,True,False,False,False,False
122,False,False,121.0,True,False,False,False,False
530,False,False,529.0,True,False,False,False,False
347,False,False,346.0,True,False,False,False,False
594,False,False,593.0,True,False,False,False,False
649,False,False,648.0,True,False,False,False,False
25,False,False,24.0,True,False,False,False,False
13,False,False,12.0,True,False,False,False,False
42,False,False,41.0,True,False,False,False,False
7,False,False,6.0,True,False,False,False,False
365,False,False,364.0,True,False,False,False,False
676,False,False,675.0,True,False,False,False,False
796,False,False,795.0,True,False,False,False,False
182,False,False,181.0,True,False,False,False,False
353,False,False,352.0,True,False,False,False,False
204,False,False,203.0,True,False,False,False,False
609,False,False,608.0,True,False,False,False,False
615,False,False,614.0,True,False,False,False,False
199,False,False,198.0,True,False,False,False,False
421,False,False,420.0,True,False,False,False,False
55,False,False,54.0,True,False,False,False,False
309,False,False,308.0,True,False,False,False,False
107,False,False,106.0,True,False,False,False,False
668,False,False,667.0,True,False,False,False,False
701,False,False,700.0,True,False,False,False,False
785,False,False,784.0,True,False,False,False,False
800,False,False,799.0,True,False,False,False,False
519,False,False,518.0,True,False,False,False,False
3,False,False,2.0,True,False,False,False,False
172,False,False,171.0,True,False,False,False,False
305,False,False,304.0,True,False,False,False,False
482,False,False,481.0,True,False,False,False,False
572,False,False,571.0,True,False,False,False,False
16,False,False,15.0,True,False,False,False,False
764,False,False,763.0,True,False,False,False,False
585,False,False,584.0,True,False,False,False,False
348,False,False,347.0,True,False,False,False,False
667,False,False,666.0,True,False,False,False,False
661,False,False,660.0,True,False,False,False,False
380,False,False,379.0,True,False,False,False,False
70,False,False,69.0,True,False,False,False,False
168,False,False,167.0,True,False,False,False,False
375,False,False,374.0,True,False,False,False,False
447,False,False,446.0,True,False,False,False,False
278,False,False,277.0,True,False,False,False,False
738,False,False,737.0,True,False,False,False,False
446,False,False,445.0,True,False,False,False,False
321,False,False,320.0,True,False,False,False,False
603,False,False,602.0,True,False,False,False,False
650,False,False,649.0,True,False,False,False,False
389,False,False,388.0,True,False,False,False,False
40,False,False,39.0,True,False,False,False,False
277,False,False,276.0,True,False,False,False,False
664,False,False,663.0,True,False,False,False,False
238,False,False,237.0,True,False,False,False,False
459,False,False,458.0,True,False,False,False,False
406,False,False,405.0,True,False,False,False,False
75,False,False,74.0,True,False,False,False,False
509,False,False,508.0,True,False,False,False,False
489,False,False,488.0,True,False,False,False,False
221,False,False,220.0,True,False,False,False,False
146,False,False,145.0,True,False,False,False,False
355,False,False,354.0,True,False,False,False,False
98,False,False,97.0,True,False,False,False,False
608,False,False,607.0,True,False,False,False,False
240,False,False,239.0,True,False,False,False,False
180,False,False,179.0,True,False,False,False,False
722,False,False,721.0,True,False,False,False,False
476,False,False,475.0,True,False,False,False,False
723,False,False,722.0,True,False,False,False,False
22,False,False,21.0,True,False,False,False,False
422,False,False,421.0,True,False,False,False,False
350,False,False,349.0,True,False,False,False,False
565,False,False,564.0,True,False,False,False,False
672,False,False,671.0,True,False,False,False,False
789,False,False,788.0,True,False,False,False,False
265,False,False,264.0,True,False,False,False,False
237,False,False,236.0,True,False,False,False,False
218,False,False,217.0,True,False,False,False,False
264,False,False,263.0,True,False,False,False,False
707,False,False,706.0,True,False,False,False,False
143,False,False,142.0,True,False,False,False,False
392,False,False,391.0,True,False,False,False,False
450,False,False,449.0,True,False,False,False,False
50,False,False,49.0,True,False,False,False,False
169,False,False,168.0,True,False,False,False,False
266,False,False,265.0,True,False,False,False,False
26,False,False,25.0,True,False,False,False,False
467,False,False,466.0,True,False,False,False,False
773,False,False,772.0,True,False,False,False,False
288,False,False,287.0,True,False,False,False,False
362,False,False,361.0,True,False,False,False,False
579,False,False,578.0,True,False,False,False,False
730,False,False,729.0,True,False,False,False,False
61,False,False,60.0,True,False,False,False,False
477,False,False,476.0,True,False,False,False,False
196,False,False,195.0,True,False,False,False,False
430,False,False,429.0,True,False,False,False,False
490,False,False,489.0,True,False,False,False,False
558,False,False,557.0,True,False,False,False,False
625,False,False,624.0,True,False,False,False,False
725,False,False,724.0,True,False,False,False,False
429,False,False,428.0,True,False,False,False,False
762,False,False,761.0,True,False,False,False,False
329,False,False,328.0,True,False,False,False,False
652,False,False,651.0,True,False,False,False,False
503,False,False,502.0,True,False,False,False,False
41,False,False,40.0,True,False,False,False,False
400,False,False,399.0,True,False,False,False,False
299,False,False,298.0,True,False,False,False,False
343,False,False,342.0,True,False,False,False,False
178,False,False,177.0,True,False,False,False,False
423,False,False,422.0,True,False,False,False,False
645,False,False,644.0,True,False,False,False,False
229,False,False,228.0,True,False,False,False,False
148,False,False,147.0,True,False,False,False,False
451,False,False,450.0,True,False,False,False,False
533,False,False,532.0,True,False,False,False,False
628,False,False,627.0,True,False,False,False,False
126,False,False,125.0,True,False,False,False,False
687,False,False,686.0,True,False,False,False,False
433,False,False,432.0,True,False,False,False,False
54,False,False,53.0,True,False,False,False,False
412,False,False,411.0,True,False,False,False,False
427,False,False,426.0,True,False,False,False,False
520,False,False,519.0,True,False,False,False,False
145,False,False,144.0,True,False,False,False,False
212,False,False,211.0,True,False,False,False,False
419,False,False,418.0,True,False,False,False,False
174,False,False,173.0,True,False,False,False,False
324,False,False,323.0,True,False,False,False,False
803,False,False,802.0,True,False,False,False,False
10,False,False,9.0,True,False,False,False,False
361,False,False,360.0,True,False,False,False,False
566,False,False,565.0,True,False,False,False,False
618,False,False,617.0,True,False,False,False,False
712,False,False,711.0,True,False,False,False,False
703,False,False,702.0,True,False,False,False,False
733,False,False,732.0,True,False,False,False,False
698,False,False,697.0,True,False,False,False,False
282,False,False,281.0,True,False,False,False,False
213,False,False,212.0,True,False,False,False,False
227,False,False,226.0,True,False,False,False,False
620,False,False,619.0,True,False,False,False,False
205,False,False,204.0,True,False,False,False,False
492,False,False,491.0,True,False,False,False,False
728,False,False,727.0,True,False,False,False,False
727,False,False,726.0,True,False,False,False,False
239,False,False,238.0,True,False,False,False,False
356,False,False,355.0,True,False,False,False,False
259,False,False,258.0,True,False,False,False,False
141,False,False,140.0,True,False,False,False,False
567,False,False,566.0,True,False,False,False,False
768,False,False,767.0,True,False,False,False,False
539,False,False,538.0,True,False,False,False,False
754,False,False,753.0,True,False,False,False,False
445,False,False,444.0,True,False,False,False,False
576,False,False,575.0,True,False,False,False,False
771,False,False,770.0,True,False,False,False,False
449,False,False,448.0,True,False,False,False,False
584,False,False,583.0,True,False,False,False,False
656,False,False,655.0,True,False,False,False,False
780,False,False,779.0,True,False,False,False,False
359,False,False,358.0,True,False,False,False,False
284,False,False,283.0,True,False,False,False,False
675,False,False,674.0,True,False,False,False,False
127,False,False,126.0,True,False,False,False,False
600,False,False,599.0,True,False,False,False,False
9,False,False,8.0,True,False,False,False,False
680,False,False,679.0,True,False,False,False,False
349,False,False,348.0,True,False,False,False,False
513,False,False,512.0,True,False,False,False,False
231,False,False,230.0,True,False,False,False,False
437,False,False,436.0,True,False,False,False,False
318,False,False,317.0,True,False,False,False,False
368,False,False,367.0,True,False,False,False,False
378,False,False,377.0,True,False,False,False,False
409,False,False,408.0,True,False,False,False,False
310,False,False,309.0,True,False,False,False,False
545,False,False,544.0,True,False,False,False,False
746,False,False,745.0,True,False,False,False,False
790,False,False,789.0,True,False,False,False,False
275,False,False,274.0,True,False,False,False,False
523,False,False,522.0,True,False,False,False,False
693,False,False,692.0,True,False,False,False,False
28,False,False,27.0,True,False,False,False,False
735,False,False,734.0,True,False,False,False,False
210,False,False,209.0,True,False,False,False,False
706,False,False,705.0,True,False,False,False,False
263,False,False,262.0,True,False,False,False,False
371,False,False,370.0,True,False,False,False,False
562,False,False,561.0,True,False,False,False,False
605,False,False,604.0,True,False,False,False,False
454,False,False,453.0,True,False,False,False,False
713,False,False,712.0,True,False,False,False,False
160,False,False,159.0,True,False,False,False,False
118,False,False,117.0,True,False,False,False,False
531,False,False,530.0,True,False,False,False,False
200,False,False,199.0,True,False,False,False,False
119,False,False,118.0,True,False,False,False,False
732,False,False,731.0,True,False,False,False,False
776,False,False,775.0,True,False,False,False,False
756,False,False,755.0,True,False,False,False,False
170,False,False,169.0,True,False,False,False,False
486,False,False,485.0,True,False,False,False,False
37,False,False,36.0,True,False,False,False,False
292,False,False,291.0,True,False,False,False,False
591,False,False,590.0,True,False,False,False,False
536,False,False,535.0,True,False,False,False,False
734,False,False,733.0,True,False,False,False,False
786,False,False,785.0,True,False,False,False,False
673,False,False,672.0,True,False,False,False,False
729,False,False,728.0,True,False,False,False,False
311,False,False,310.0,True,False,False,False,False
4,False,False,3.0,True,False,False,False,False
195,False,False,194.0,True,False,False,False,False
532,False,False,531.0,True,False,False,False,False
33,False,False,32.0,True,False,False,False,False
386,False,False,385.0,True,False,False,False,False
416,False,False,415.0,True,False,False,False,False
157,False,False,156.0,True,False,False,False,False
85,False,False,84.0,True,False,False,False,False
500,False,False,499.0,True,False,False,False,False
254,False,False,253.0,True,False,False,False,False
220,False,False,219.0,True,False,False,False,False
193,False,False,192.0,True,False,False,False,False
216,False,False,215.0,True,False,False,False,False
407,False,False,406.0,True,False,False,False,False
32,False,False,31.0,True,False,False,False,False
662,False,False,661.0,True,False,False,False,False
432,False,False,431.0,True,False,False,False,False
381,False,False,380.0,True,False,False,False,False
666,False,False,665.0,True,False,False,False,False
763,False,False,762.0,True,False,False,False,False
651,False,False,650.0,True,False,False,False,False
96,False,False,95.0,True,False,False,False,False
468,False,False,467.0,True,False,False,False,False
142,False,False,141.0,True,False,False,False,False
717,False,False,716.0,True,False,False,False,False
556,False,False,555.0,True,False,False,False,False
769,False,False,768.0,True,False,False,False,False
83,False,False,82.0,True,False,False,False,False
331,False,False,330.0,True,False,False,False,False
719,False,False,718.0,True,False,False,False,False
801,False,False,800.0,True,False,False,False,False
103,False,False,102.0,True,False,False,False,False
197,False,False,196.0,True,False,False,False,False
23,False,False,22.0,True,False,False,False,False
607,False,False,606.0,True,False,False,False,False
90,False,False,89.0,True,False,False,False,False
636,False,False,635.0,True,False,False,False,False
337,False,False,336.0,True,False,False,False,False
782,False,False,781.0,True,False,False,False,False
420,False,False,419.0,True,False,False,False,False
99,False,False,98.0,True,False,False,False,False
333,False,False,332.0,True,False,False,False,False
123,False,False,122.0,True,False,False,False,False
791,False,False,790.0,True,False,False,False,False
736,False,False,735.0,True,False,False,False,False
106,False,False,105.0,True,False,False,False,False
573,False,False,572.0,True,False,False,False,False
67,False,False,66.0,True,False,False,False,False
293,False,False,292.0,True,False,False,False,False
102,False,False,101.0,True,False,False,False,False
504,False,False,503.0,True,False,False,False,False
758,False,False,757.0,True,False,False,False,False
124,False,False,123.0,True,False,False,False,False
798,False,False,797.0,True,False,False,False,False
582,False,False,581.0,True,False,False,False,False
346,False,False,345.0,True,False,False,False,False
434,False,False,433.0,True,False,False,False,False
411,False,False,410.0,True,False,False,False,False
133,False,False,132.0,True,False,False,False,False
208,False,False,207.0,True,False,False,False,False
62,False,False,61.0,True,False,False,False,False
439,False,False,438.0,True,False,False,False,False
534,False,False,533.0,True,False,False,False,False
621,False,False,620.0,True,False,False,False,False
699,False,False,698.0,True,False,False,False,False
583,False,False,582.0,True,False,False,False,False
125,False,False,124.0,True,False,False,False,False
465,False,False,464.0,True,False,False,False,False
541,False,False,540.0,True,False,False,False,False
571,False,False,570.0,True,False,False,False,False
185,False,False,184.0,True,False,False,False,False
497,False,False,496.0,True,False,False,False,False
52,False,False,51.0,True,False,False,False,False
745,False,False,744.0,True,False,False,False,False
395,False,False,394.0,True,False,False,False,False
252,False,False,251.0,True,False,False,False,False
799,False,False,798.0,True,False,False,False,False
394,False,False,393.0,True,False,False,False,False
144,False,False,143.0,True,False,False,False,False
417,False,False,416.0,True,False,False,False,False
280,False,False,279.0,True,False,False,False,False
478,False,False,477.0,True,False,False,False,False
398,False,False,397.0,True,False,False,False,False
737,False,False,736.0,True,False,False,False,False
298,False,False,297.0,True,False,False,False,False
49,False,False,48.0,True,False,False,False,False
63,False,False,62.0,True,False,False,False,False
438,False,False,437.0,True,False,False,False,False
714,False,False,713.0,True,False,False,False,False
319,False,False,318.0,True,False,False,False,False
631,False,False,630.0,True,False,False,False,False
176,False,False,175.0,True,False,False,False,False
189,False,False,188.0,True,False,False,False,False
682,False,False,681.0,True,False,False,False,False
721,False,False,720.0,True,False,False,False,False
76,False,False,75.0,True,False,False,False,False
241,False,False,240.0,True,False,False,False,False
260,False,False,259.0,True,False,False,False,False
72,False,False,71.0,True,False,False,False,False
587,False,False,586.0,True,False,False,False,False
68,False,False,67.0,True,False,False,False,False
494,False,False,493.0,True,False,False,False,False
624,False,False,623.0,True,False,False,False,False
590,False,False,589.0,True,False,False,False,False
678,False,False,677.0,True,False,False,False,False
286,False,False,285.0,True,False,False,False,False
452,False,False,451.0,True,False,False,False,False
752,False,False,751.0,True,False,False,False,False
642,False,False,641.0,True,False,False,False,False
114,False,False,113.0,True,False,False,False,False
154,False,False,153.0,True,False,False,False,False
622,False,False,621.0,True,False,False,False,False
774,False,False,773.0,True,False,False,False,False
224,False,False,223.0,True,False,False,False,False
484,False,False,483.0,True,False,False,False,False
657,False,False,656.0,True,False,False,False,False
274,False,False,273.0,True,False,False,False,False
17,False,False,16.0,True,False,False,False,False
369,False,False,368.0,True,False,False,False,False
393,False,False,392.0,True,False,False,False,False
638,False,False,637.0,True,False,False,False,False
317,False,False,316.0,True,False,False,False,False
376,False,False,375.0,True,False,False,False,False
669,False,False,668.0,True,False,False,False,False
681,False,False,680.0,True,False,False,False,False
283,False,False,282.0,True,False,False,False,False
137,False,False,136.0,True,False,False,False,False
640,False,False,639.0,True,False,False,False,False
261,False,False,260.0,True,False,False,False,False
24,False,False,23.0,True,False,False,False,False
184,False,False,183.0,True,False,False,False,False
456,False,False,455.0,True,False,False,False,False
443,False,False,442.0,True,False,False,False,False
483,False,False,482.0,True,False,False,False,False
120,False,False,119.0,True,False,False,False,False
559,False,False,558.0,True,False,False,False,False
332,False,False,331.0,True,False,False,False,False
552,False,False,551.0,True,False,False,False,False
56,False,False,55.0,True,False,False,False,False
619,False,False,618.0,True,False,False,False,False
695,False,False,694.0,True,False,False,False,False
554,False,False,553.0,True,False,False,False,False
671,False,False,670.0,True,False,False,False,False
294,False,False,293.0,True,False,False,False,False
166,False,False,165.0,True,False,False,False,False
469,False,False,468.0,True,False,False,False,False
272,False,False,271.0,True,False,False,False,False
702,False,False,701.0,True,False,False,False,False
164,False,False,163.0,True,False,False,False,False
690,False,False,689.0,True,False,False,False,False
765,False,False,764.0,True,False,False,False,False
304,False,False,303.0,True,False,False,False,False
679,False,False,678.0,True,False,False,False,False
574,False,False,573.0,True,False,False,False,False
753,False,False,752.0,True,False,False,False,False
547,False,False,546.0,True,False,False,False,False
253,False,False,252.0,True,False,False,False,False
546,False,False,545.0,True,False,False,False,False
457,False,False,456.0,True,False,False,False,False
251,False,False,250.0,True,False,False,False,False
711,False,False,710.0,True,False,False,False,False
548,False,False,547.0,True,False,False,False,False
86,False,False,85.0,True,False,False,False,False
408,False,False,407.0,True,False,False,False,False
322,False,False,321.0,True,False,False,False,False
521,False,False,520.0,True,False,False,False,False
167,False,False,166.0,True,False,False,False,False
418,False,False,417.0,True,False,False,False,False
598,False,False,597.0,True,False,False,False,False
234,False,False,233.0,True,False,False,False,False
245,False,False,244.0,True,False,False,False,False
775,False,False,774.0,True,False,False,False,False
431,False,False,430.0,True,False,False,False,False
159,False,False,158.0,True,False,False,False,False
29,False,False,28.0,True,False,False,False,False
69,False,False,68.0,True,False,False,False,False
223,False,False,222.0,True,False,False,False,False
724,False,False,723.0,True,False,False,False,False
502,False,False,501.0,True,False,False,False,False
97,False,False,96.0,True,False,False,False,False
15,False,False,14.0,True,False,False,False,False
374,False,False,373.0,True,False,False,False,False
295,False,False,294.0,True,False,False,False,False
30,False,False,29.0,True,False,False,False,False
795,False,False,794.0,True,False,False,False,False
163,False,False,162.0,True,False,False,False,False
564,False,False,563.0,True,False,False,False,False
296,False,False,295.0,True,False,False,False,False
611,False,False,610.0,True,False,False,False,False
19,False,False,18.0,True,False,False,False,False
550,False,False,549.0,True,False,False,False,False
633,False,False,632.0,True,False,False,False,False
357,False,False,356.0,True,False,False,False,False
129,False,False,128.0,True,False,False,False,False
88,False,False,87.0,True,False,False,False,False
413,False,False,412.0,True,False,False,False,False
57,False,False,56.0,True,False,False,False,False
225,False,False,224.0,True,False,False,False,False
524,False,False,523.0,True,False,False,False,False
755,False,False,754.0,True,False,False,False,False
480,False,False,479.0,True,False,False,False,False
89,False,False,88.0,True,False,False,False,False
312,False,False,311.0,True,False,False,False,False
726,False,False,725.0,True,False,False,False,False
139,False,False,138.0,True,False,False,False,False
281,False,False,280.0,True,False,False,False,False
64,False,False,63.0,True,False,False,False,False
77,False,False,76.0,True,False,False,False,False
612,False,False,611.0,True,False,False,False,False
688,False,False,687.0,True,False,False,False,False
694,False,False,693.0,True,False,False,False,False
696,False,False,695.0,True,False,False,False,False
287,False,False,286.0,True,False,False,False,False
788,False,False,787.0,True,False,False,False,False
147,False,False,146.0,True,False,False,False,False
586,False,False,585.0,True,False,False,False,False
613,False,False,612.0,True,False,False,False,False
777,False,False,776.0,True,False,False,False,False
228,False,False,227.0,True,False,False,False,False
630,False,False,629.0,True,False,False,False,False
648,False,False,647.0,True,False,False,False,False
327,False,False,326.0,True,False,False,False,False
244,False,False,243.0,True,False,False,False,False
300,False,False,299.0,True,False,False,False,False
797,False,False,796.0,True,False,False,False,False
767,False,False,766.0,True,False,False,False,False
499,False,False,498.0,True,False,False,False,False
557,False,False,556.0,True,False,False,False,False
246,False,False,245.0,True,False,False,False,False
258,False,False,257.0,True,False,False,False,False
53,False,False,52.0,True,False,False,False,False
140,False,False,139.0,True,False,False,False,False
222,False,False,221.0,True,False,False,False,False
535,False,False,534.0,True,False,False,False,False
742,False,False,741.0,True,False,False,False,False
601,False,False,600.0,True,False,False,False,False
36,False,False,35.0,True,False,False,False,False
150,False,False,149.0,True,False,False,False,False
379,False,False,378.0,True,False,False,False,False
569,False,False,568.0,True,False,False,False,False
685,False,False,684.0,True,False,False,False,False
158,False,False,157.0,True,False,False,False,False
291,False,False,290.0,True,False,False,False,False
637,False,False,636.0,True,False,False,False,False
373,False,False,372.0,True,False,False,False,False
39,False,False,38.0,True,False,False,False,False
358,False,False,357.0,True,False,False,False,False
372,False,False,371.0,True,False,False,False,False
73,False,False,72.0,True,False,False,False,False
156,False,False,155.0,True,False,False,False,False
663,False,False,662.0,True,False,False,False,False
95,False,False,94.0,True,False,False,False,False
325,False,False,324.0,True,False,False,False,False
14,False,False,13.0,True,False,False,False,False
665,False,False,664.0,True,False,False,False,False
328,False,False,327.0,True,False,False,False,False
747,False,False,746.0,True,False,False,False,False
201,False,False,200.0,True,False,False,False,False
659,False,False,658.0,True,False,False,False,False
570,False,False,569.0,True,False,False,False,False
448,False,False,447.0,True,False,False,False,False
458,False,False,457.0,True,False,False,False,False
6,False,False,5.0,True,False,False,False,False
336,False,False,335.0,True,False,False,False,False
399,False,False,398.0,True,False,False,False,False
271,False,False,270.0,True,False,False,False,False
455,False,False,454.0,True,False,False,False,False
575,False,False,574.0,True,False,False,False,False
12,False,False,11.0,True,False,False,False,False
233,False,False,232.0,True,False,False,False,False
604,False,False,603.0,True,False,False,False,False
301,False,False,300.0,True,False,False,False,False
683,False,False,682.0,True,False,False,False,False
453,False,False,452.0,True,False,False,False,False
528,False,False,527.0,True,False,False,False,False
700,False,False,699.0,True,False,False,False,False
138,False,False,137.0,True,False,False,False,False
215,False,False,214.0,True,False,False,False,False
93,False,False,92.0,True,False,False,False,False
597,False,False,596.0,True,False,False,False,False
334,False,False,333.0,True,False,False,False,False
614,False,False,613.0,True,False,False,False,False
108,False,False,107.0,True,False,False,False,False
136,False,False,135.0,True,False,False,False,False
761,False,False,760.0,True,False,False,False,False
65,False,False,64.0,True,False,False,False,False
267,False,False,266.0,True,False,False,False,False
589,False,False,588.0,True,False,False,False,False
330,False,False,329.0,True,False,False,False,False
302,False,False,301.0,True,False,False,False,False
643,False,False,642.0,True,False,False,False,False
46,False,False,45.0,True,False,False,False,False
360,False,False,359.0,True,False,False,False,False
236,False,False,235.0,True,False,False,False,False
366,False,False,365.0,True,False,False,False,False
192,False,False,191.0,True,False,False,False,False
173,False,False,172.0,True,False,False,False,False
377,False,False,376.0,True,False,False,False,False
716,False,False,715.0,True,False,False,False,False
743,False,False,742.0,True,False,False,False,False
194,False,False,193.0,True,False,False,False,False
741,False,False,740.0,True,False,False,False,False
720,False,False,719.0,True,False,False,False,False
161,False,False,160.0,True,False,False,False,False
315,False,False,314.0,True,False,False,False,False
691,False,False,690.0,True,False,False,False,False
135,False,False,134.0,True,False,False,False,False
424,False,False,423.0,True,False,False,False,False
dcm,True,True,,False,False,False,False,False
152,False,False,151.0,True,False,False,False,False
59,False,False,58.0,True,False,False,False,False
646,False,False,645.0,True,False,False,False,False
472,False,False,471.0,True,False,False,False,False
517,False,False,516.0,True,False,False,False,False
512,False,False,511.0,True,False,False,False,False
87,False,False,86.0,True,False,False,False,False
290,False,False,289.0,True,False,False,False,False
20,False,False,19.0,True,False,False,False,False
162,False,False,161.0,True,False,False,False,False
354,False,False,353.0,True,False,False,False,False
94,False,False,93.0,True,False,False,False,False
425,False,False,424.0,True,False,False,False,False
463,False,False,462.0,True,False,False,False,False
778,False,False,777.0,True,False,False,False,False
441,False,False,440.0,True,False,False,False,False
479,False,False,478.0,True,False,False,False,False
731,False,False,730.0,True,False,False,False,False
654,False,False,653.0,True,False,False,False,False
187,False,False,186.0,True,False,False,False,False
515,False,False,514.0,True,False,False,False,False
617,False,False,616.0,True,False,False,False,False
82,False,False,81.0,True,False,False,False,False
444,False,False,443.0,True,False,False,False,False
243,False,False,242.0,True,False,False,False,False
466,False,False,465.0,True,False,False,False,False
522,False,False,521.0,True,False,False,False,False
599,False,False,598.0,True,False,False,False,False
92,False,False,91.0,True,False,False,False,False
84,False,False,83.0,True,False,False,False,False
130,False,False,129.0,True,False,False,False,False
708,False,False,707.0,True,False,False,False,False
256,False,False,255.0,True,False,False,False,False
538,False,False,537.0,True,False,False,False,False
641,False,False,640.0,True,False,False,False,False
578,False,False,577.0,True,False,False,False,False
770,False,False,769.0,True,False,False,False,False
155,False,False,154.0,True,False,False,False,False
751,False,False,750.0,True,False,False,False,False
188,False,False,187.0,True,False,False,False,False
232,False,False,231.0,True,False,False,False,False
110,False,False,109.0,True,False,False,False,False
323,False,False,322.0,True,False,False,False,False
632,False,False,631.0,True,False,False,False,False
749,False,False,748.0,True,False,False,False,False
440,False,False,439.0,True,False,False,False,False
297,False,False,296.0,True,False,False,False,False
396,False,False,395.0,True,False,False,False,False
436,False,False,435.0,True,False,False,False,False
11,False,False,10.0,True,False,False,False,False
338,False,False,337.0,True,False,False,False,False
370,False,False,369.0,True,False,False,False,False
403,False,False,402.0,True,False,False,False,False
561,False,False,560.0,True,False,False,False,False
230,False,False,229.0,True,False,False,False,False
128,False,False,127.0,True,False,False,False,False
181,False,False,180.0,True,False,False,False,False
748,False,False,747.0,True,False,False,False,False
527,False,False,526.0,True,False,False,False,False
8,False,False,7.0,True,False,False,False,False
470,False,False,469.0,True,False,False,False,False
390,False,False,389.0,True,False,False,False,False
35,False,False,34.0,True,False,False,False,False
518,False,False,517.0,True,False,False,False,False
78,False,False,77.0,True,False,False,False,False
779,False,False,778.0,True,False,False,False,False
101,False,False,100.0,True,False,False,False,False
51,False,False,50.0,True,False,False,False,False
507,False,False,506.0,True,False,False,False,False
